kabupaten_kota,jenis,tahun,rain_annual_mm,rain_dry_mm,ndvi_mean,ndvi_max
Batu,kota,2019,2135.12,83.88,0.6459,0.8422
Blitar,kota,2019,1573.31,60.66,0.5455,0.7239
Kediri,kota,2019,1789.49,47.93,0.5473,0.7203
Madiun,kota,2019,1783.86,65.1,0.4707,0.6578
Malang,kota,2019,1696.14,80.46,0.4723,0.6391
Mojokerto,kota,2019,1681.79,30.19,0.4433,0.6049
Banyuwangi,kabupaten,2019,1344.68,108.97,0.6938,0.8762
Blitar,kabupaten,2019,1681.94,65.0,0.6605,0.8513
Bojonegoro,kabupaten,2019,1710.33,54.32,0.5665,0.829
Bondowoso,kabupaten,2019,1670.81,73.18,0.6851,0.8683
Jombang,kabupaten,2019,1674.69,40.2,0.6099,0.8309
Pasuruan,kota,2019,1289.45,48.48,0.4623,0.6398
Probolinggo,kota,2019,1226.35,52.7,0.5199,0.6911
Lamongan,kabupaten,2019,1462.86,37.47,0.5025,0.8108
Lumajang,kabupaten,2019,1616.74,87.74,0.7189,0.8695
Madiun,kabupaten,2019,1858.77,60.12,0.6289,0.8612
Magetan,kabupaten,2019,2036.14,78.84,0.6117,0.8481
Nganjuk,kabupaten,2019,1753.32,43.7,0.6158,0.8459
Pacitan,kabupaten,2019,1840.35,88.98,0.671,0.8704
Pamekasan,kabupaten,2019,1384.2,32.62,0.5219,0.7884
Pasuruan,kabupaten,2019,1558.56,60.15,0.6037,0.8241
Ponorogo,kabupaten,2019,1810.29,63.16,0.6357,0.8571
Probolinggo,kabupaten,2019,1663.29,77.17,0.6358,0.8475
Sampang,kabupaten,2019,1363.65,34.23,0.5283,0.7883
Sidoarjo,kabupaten,2019,1550.66,48.46,0.4394,0.6264
Situbondo,kabupaten,2019,1350.18,50.07,0.6385,0.8587
Sumenep,kabupaten,2019,1322.96,43.01,0.5675,0.828
Trenggalek,kabupaten,2019,1693.08,71.15,0.6984,0.8828
Tuban,kabupaten,2019,1385.31,45.87,0.5397,0.8249
Tulungagung,kabupaten,2019,1599.66,61.32,0.6416,0.8472
Bangkalan,kabupaten,2019,1411.39,43.16,0.5676,0.8146
Gresik,kabupaten,2019,1493.7,50.11,0.4572,0.7206
Jember,kabupaten,2019,1539.87,92.83,0.7175,0.8689
Kediri,kabupaten,2019,1810.48,53.78,0.6534,0.8266
Surabaya,kota,2019,1473.43,38.17,0.3005,0.4419
Malang,kabupaten,2019,1603.4,70.29,0.6907,0.866
Mojokerto,kabupaten,2019,1726.84,47.47,0.5886,0.8109
Ngawi,kabupaten,2019,1997.32,82.68,0.6161,0.8444
Batu,kota,2020,3076.46,197.19,0.6593,0.8508
Blitar,kota,2020,2249.18,163.66,0.5668,0.7072
Kediri,kota,2020,2287.31,105.82,0.5929,0.7332
Madiun,kota,2020,2319.63,122.76,0.4868,0.6603
Malang,kota,2020,2547.28,172.59,0.4859,0.6401
Mojokerto,kota,2020,2265.56,72.77,0.4372,0.6045
Banyuwangi,kabupaten,2020,2226.92,189.32,0.7137,0.8893
Blitar,kabupaten,2020,2438.27,170.04,0.7101,0.8524
Bojonegoro,kabupaten,2020,2328.95,125.7,0.6206,0.8322
Bondowoso,kabupaten,2020,2639.97,140.17,0.7087,0.8765
Jombang,kabupaten,2020,2251.82,90.17,0.6307,0.828
Pasuruan,kota,2020,1909.1,94.62,0.4698,0.6317
Probolinggo,kota,2020,1753.12,88.82,0.5315,0.6757
Lamongan,kabupaten,2020,2133.66,94.58,0.5406,0.8168
Lumajang,kabupaten,2020,2594.55,182.8,0.7207,0.8738
Madiun,kabupaten,2020,2452.29,119.04,0.6667,0.8627
Magetan,kabupaten,2020,2654.8,143.15,0.6475,0.8532
Nganjuk,kabupaten,2020,2320.93,90.57,0.6504,0.8528
Pacitan,kabupaten,2020,2654.31,153.82,0.7196,0.886
Pamekasan,kabupaten,2020,2134.38,81.24,0.5639,0.7855
Pasuruan,kabupaten,2020,2340.42,126.33,0.637,0.829
Ponorogo,kabupaten,2020,2461.91,110.32,0.6752,0.8631
Probolinggo,kabupaten,2020,2501.67,152.94,0.6687,0.8565
Sampang,kabupaten,2020,2071.97,81.73,0.5816,0.7874
Sidoarjo,kabupaten,2020,2193.33,96.55,0.4499,0.6352
Situbondo,kabupaten,2020,2012.22,93.36,0.6645,0.8629
Sumenep,kabupaten,2020,2077.97,80.7,0.6061,0.838
Trenggalek,kabupaten,2020,2482.38,138.49,0.7047,0.8939
Tuban,kabupaten,2020,2034.36,116.55,0.5906,0.8131
Tulungagung,kabupaten,2020,2349.01,152.16,0.6755,0.8553
Bangkalan,kabupaten,2020,2150.05,98.61,0.6385,0.8172
Gresik,kabupaten,2020,2297.25,112.53,0.4834,0.7207
Jember,kabupaten,2020,2480.32,183.59,0.7238,0.8775
Kediri,kabupaten,2020,2365.64,118.34,0.692,0.8312
Surabaya,kota,2020,2053.17,83.09,0.3086,0.448
Malang,kabupaten,2020,2470.64,157.55,0.7306,0.872
Mojokerto,kabupaten,2020,2451.62,107.12,0.6068,0.8106
Ngawi,kabupaten,2020,2655.33,169.8,0.665,0.8644
Batu,kota,2021,3441.11,362.79,0.6152,0.838
Blitar,kota,2021,2555.63,285.74,0.5453,0.7374
Kediri,kota,2021,2446.29,195.34,0.5824,0.7199
Madiun,kota,2021,2539.53,284.11,0.4735,0.6554
Malang,kota,2021,2883.7,345.39,0.4869,0.6379
Mojokerto,kota,2021,2328.8,159.89,0.4242,0.5837
Banyuwangi,kabupaten,2021,2877.8,405.73,0.6811,0.8846
Blitar,kabupaten,2021,2778.7,279.11,0.6777,0.8518
Bojonegoro,kabupaten,2021,2492.08,283.63,0.618,0.8124
Bondowoso,kabupaten,2021,3250.09,308.3,0.6997,0.8776
Jombang,kabupaten,2021,2388.33,204.29,0.6188,0.806
Pasuruan,kota,2021,1999.34,243.62,0.4692,0.616
Probolinggo,kota,2021,1839.93,216.5,0.5084,0.6789
Lamongan,kabupaten,2021,2100.91,203.13,0.5237,0.8046
Lumajang,kabupaten,2021,2983.15,377.98,0.6916,0.8745
Madiun,kabupaten,2021,2711.87,278.83,0.6617,0.8531
Magetan,kabupaten,2021,2924.51,306.95,0.6311,0.838
Nganjuk,kabupaten,2021,2549.82,241.71,0.6361,0.8248
Pacitan,kabupaten,2021,2824.24,280.84,0.7184,0.8881
Pamekasan,kabupaten,2021,2098.68,177.91,0.5734,0.7755
Pasuruan,kabupaten,2021,2547.0,278.01,0.6321,0.82
Ponorogo,kabupaten,2021,2641.29,235.21,0.6668,0.8637
Probolinggo,kabupaten,2021,2855.06,309.96,0.6418,0.85
Sampang,kabupaten,2021,1996.87,172.5,0.5843,0.7786
Sidoarjo,kabupaten,2021,2242.7,225.36,0.4342,0.6209
Situbondo,kabupaten,2021,2454.68,239.43,0.6662,0.8655
Sumenep,kabupaten,2021,2150.79,162.63,0.602,0.8268
Trenggalek,kabupaten,2021,2657.37,265.07,0.6907,0.8971
Tuban,kabupaten,2021,1987.98,216.84,0.5724,0.8082
Tulungagung,kabupaten,2021,2562.21,264.28,0.658,0.8574
Bangkalan,kabupaten,2021,2040.09,263.02,0.6429,0.8177
Gresik,kabupaten,2021,2160.46,257.01,0.4811,0.7218
Jember,kabupaten,2021,3055.76,378.52,0.6997,0.882
Kediri,kabupaten,2021,2600.64,235.59,0.6653,0.8182
Surabaya,kota,2021,2030.43,206.63,0.3105,0.4501
Malang,kabupaten,2021,2791.24,301.33,0.6997,0.8685
Mojokerto,kabupaten,2021,2560.03,227.98,0.599,0.8033
Ngawi,kabupaten,2021,2921.72,403.95,0.6566,0.8524
Batu,kota,2022,3593.23,358.98,0.6321,0.8486
Blitar,kota,2022,2696.21,317.71,0.5195,0.7203
Kediri,kota,2022,2536.64,248.04,0.5878,0.766
Madiun,kota,2022,2862.24,374.8,0.4824,0.6586
Malang,kota,2022,3029.73,333.89,0.4854,0.6493
Mojokerto,kota,2022,2379.12,180.85,0.4342,0.6055
Banyuwangi,kabupaten,2022,2801.35,333.81,0.6762,0.8849
Blitar,kabupaten,2022,2934.14,312.62,0.678,0.861
Bojonegoro,kabupaten,2022,2826.12,331.07,0.6434,0.8306
Bondowoso,kabupaten,2022,3110.77,263.44,0.7134,0.8778
Jombang,kabupaten,2022,2517.7,236.17,0.6335,0.8166
Pasuruan,kota,2022,2049.21,219.27,0.4791,0.6516
Probolinggo,kota,2022,1852.4,171.91,0.523,0.6823
Lamongan,kabupaten,2022,2353.05,232.83,0.5622,0.8209
Lumajang,kabupaten,2022,3017.42,333.2,0.6858,0.8714
Madiun,kabupaten,2022,2944.4,349.39,0.6806,0.8532
Magetan,kabupaten,2022,3296.96,410.48,0.6629,0.8427
Nganjuk,kabupaten,2022,2656.61,272.81,0.6557,0.8337
Pacitan,kabupaten,2022,3213.61,442.12,0.714,0.8982
Pamekasan,kabupaten,2022,2351.59,173.4,0.5764,0.8063
Pasuruan,kabupaten,2022,2577.85,259.96,0.6516,0.8281
Ponorogo,kabupaten,2022,2916.06,330.42,0.6806,0.8666
Probolinggo,kabupaten,2022,2791.15,261.98,0.672,0.854
Sampang,kabupaten,2022,2257.04,183.67,0.5863,0.8172
Sidoarjo,kabupaten,2022,2271.59,248.77,0.4407,0.6356
Situbondo,kabupaten,2022,2376.82,200.51,0.6954,0.8772
Sumenep,kabupaten,2022,2475.17,181.41,0.6123,0.8408
Trenggalek,kabupaten,2022,2957.78,361.67,0.676,0.8981
Tuban,kabupaten,2022,2296.71,290.0,0.6097,0.823
Tulungagung,kabupaten,2022,2713.92,319.96,0.6515,0.8586
Bangkalan,kabupaten,2022,2349.25,253.7,0.6242,0.8296
Gresik,kabupaten,2022,2433.89,295.65,0.4959,0.7344
Jember,kabupaten,2022,3035.06,330.34,0.7162,0.8779
Kediri,kabupaten,2022,2696.09,288.18,0.6802,0.8312
Surabaya,kota,2022,2148.23,213.69,0.3083,0.4729
Malang,kabupaten,2022,2907.66,304.37,0.6974,0.8746
Mojokerto,kabupaten,2022,2657.04,256.14,0.6156,0.81
Ngawi,kabupaten,2022,3283.58,451.21,0.6664,0.8557
