kabupaten_kota,jenis,tahun,ntl_mean,crop_share,ndvi_crop_mean,ndvi_crop_max
Batu,kota,2019,2.67,0.0652,0.6367,0.8041
Blitar,kota,2019,6.32,0.2601,0.5995,0.7863
Kediri,kota,2019,6.128,0.3577,0.6077,0.8019
Madiun,kota,2019,9.445,0.2687,0.5652,0.8143
Malang,kota,2019,12.007,0.0924,0.6118,0.7969
Mojokerto,kota,2019,11.975,0.2148,0.5301,0.7149
Banyuwangi,kabupaten,2019,1.722,0.1498,0.6281,0.8282
Blitar,kabupaten,2019,0.988,0.1379,0.634,0.8376
Bojonegoro,kabupaten,2019,1.3,0.4124,0.5552,0.8238
Bondowoso,kabupaten,2019,0.685,0.1805,0.6655,0.8431
Jombang,kabupaten,2019,2.007,0.422,0.5965,0.8206
Pasuruan,kota,2019,7.565,0.1915,0.5834,0.7863
Probolinggo,kota,2019,8.572,0.3111,0.5921,0.7629
Lamongan,kabupaten,2019,1.36,0.6249,0.5137,0.8271
Lumajang,kabupaten,2019,0.755,0.1604,0.6852,0.8384
Madiun,kabupaten,2019,0.981,0.3142,0.5989,0.8406
Magetan,kabupaten,2019,1.115,0.3764,0.6066,0.8464
Nganjuk,kabupaten,2019,1.03,0.3954,0.6095,0.8332
Pacitan,kabupaten,2019,0.525,0.0281,0.6132,0.8491
Pamekasan,kabupaten,2019,2.399,0.2257,0.5344,0.803
Pasuruan,kabupaten,2019,2.186,0.2199,0.6002,0.8245
Ponorogo,kabupaten,2019,0.849,0.2261,0.6053,0.8382
Probolinggo,kabupaten,2019,1.169,0.1972,0.6066,0.8278
Sampang,kabupaten,2019,1.65,0.2252,0.5478,0.8129
Sidoarjo,kabupaten,2019,7.863,0.2622,0.5317,0.7512
Situbondo,kabupaten,2019,0.816,0.2253,0.6106,0.8364
Sumenep,kabupaten,2019,0.843,0.146,0.5727,0.8353
Trenggalek,kabupaten,2019,0.612,0.0692,0.6462,0.8535
Tuban,kabupaten,2019,1.626,0.429,0.5408,0.8294
Tulungagung,kabupaten,2019,1.266,0.1887,0.6153,0.8326
Bangkalan,kabupaten,2019,1.544,0.2055,0.5762,0.8255
Gresik,kabupaten,2019,3.231,0.3813,0.4851,0.7819
Jember,kabupaten,2019,1.176,0.1934,0.6688,0.833
Kediri,kabupaten,2019,1.347,0.3973,0.643,0.8132
Surabaya,kota,2019,22.479,0.0754,0.4938,0.7117
Malang,kabupaten,2019,1.236,0.0822,0.6484,0.8375
Mojokerto,kabupaten,2019,4.477,0.3492,0.58,0.7946
Ngawi,kabupaten,2019,0.984,0.3682,0.6059,0.8394
Batu,kota,2020,2.499,0.0652,0.642,0.7985
Blitar,kota,2020,6.777,0.2601,0.6289,0.7611
Kediri,kota,2020,5.539,0.3577,0.6642,0.8089
Madiun,kota,2020,10.051,0.2687,0.5817,0.8196
Malang,kota,2020,10.4,0.0924,0.6499,0.7998
Mojokerto,kota,2020,11.684,0.2148,0.5308,0.7348
Banyuwangi,kabupaten,2020,1.911,0.1498,0.6568,0.8431
Blitar,kabupaten,2020,1.048,0.1379,0.6971,0.8384
Bojonegoro,kabupaten,2020,1.231,0.4124,0.6093,0.8263
Bondowoso,kabupaten,2020,0.75,0.1805,0.6898,0.86
Jombang,kabupaten,2020,1.888,0.422,0.6132,0.8153
Pasuruan,kota,2020,7.762,0.1915,0.5845,0.7603
Probolinggo,kota,2020,8.363,0.3111,0.6077,0.7508
Lamongan,kabupaten,2020,1.395,0.6249,0.5564,0.8302
Lumajang,kabupaten,2020,0.797,0.1604,0.7021,0.8403
Madiun,kabupaten,2020,1.067,0.3142,0.6281,0.8443
Magetan,kabupaten,2020,1.205,0.3764,0.6498,0.8519
Nganjuk,kabupaten,2020,1.007,0.3954,0.6402,0.8431
Pacitan,kabupaten,2020,0.567,0.0281,0.6746,0.8669
Pamekasan,kabupaten,2020,2.553,0.2257,0.5775,0.7998
Pasuruan,kabupaten,2020,2.201,0.2199,0.6387,0.8231
Ponorogo,kabupaten,2020,0.89,0.2261,0.6533,0.8431
Probolinggo,kabupaten,2020,1.189,0.1972,0.6501,0.8375
Sampang,kabupaten,2020,1.738,0.2252,0.6037,0.8112
Sidoarjo,kabupaten,2020,7.96,0.2622,0.5438,0.7528
Situbondo,kabupaten,2020,0.894,0.2253,0.6383,0.8424
Sumenep,kabupaten,2020,0.917,0.146,0.6149,0.8419
Trenggalek,kabupaten,2020,0.645,0.0692,0.6896,0.8599
Tuban,kabupaten,2020,1.67,0.429,0.5925,0.8164
Tulungagung,kabupaten,2020,1.279,0.1887,0.6607,0.8411
Bangkalan,kabupaten,2020,1.579,0.2055,0.6507,0.8276
Gresik,kabupaten,2020,3.276,0.3813,0.5247,0.7776
Jember,kabupaten,2020,1.251,0.1934,0.6834,0.8395
Kediri,kabupaten,2020,1.385,0.3973,0.6829,0.8167
Surabaya,kota,2020,23.535,0.0754,0.5424,0.7424
Malang,kabupaten,2020,1.233,0.0822,0.7084,0.8418
Mojokerto,kabupaten,2020,4.654,0.3492,0.6026,0.7943
Ngawi,kabupaten,2020,1.028,0.3682,0.6592,0.8608
Batu,kota,2021,2.129,0.0652,0.6191,0.7961
Blitar,kota,2021,5.474,0.2601,0.6016,0.7857
Kediri,kota,2021,5.193,0.3577,0.6543,0.7953
Madiun,kota,2021,7.269,0.2687,0.5684,0.8074
Malang,kota,2021,9.592,0.0924,0.6455,0.8012
Mojokerto,kota,2021,8.493,0.2148,0.5179,0.7097
Banyuwangi,kabupaten,2021,2.12,0.1498,0.6356,0.8349
Blitar,kabupaten,2021,0.97,0.1379,0.6622,0.8376
Bojonegoro,kabupaten,2021,1.153,0.4124,0.6066,0.8063
Bondowoso,kabupaten,2021,0.711,0.1805,0.6876,0.8592
Jombang,kabupaten,2021,1.795,0.422,0.6015,0.7902
Pasuruan,kota,2021,6.324,0.1915,0.5901,0.7478
Probolinggo,kota,2021,6.691,0.3111,0.5838,0.7682
Lamongan,kabupaten,2021,1.277,0.6249,0.5423,0.8161
Lumajang,kabupaten,2021,0.702,0.1604,0.6795,0.8386
Madiun,kabupaten,2021,1.009,0.3142,0.6218,0.8319
Magetan,kabupaten,2021,1.222,0.3764,0.6342,0.8347
Nganjuk,kabupaten,2021,1.044,0.3954,0.6259,0.8132
Pacitan,kabupaten,2021,0.573,0.0281,0.6822,0.8624
Pamekasan,kabupaten,2021,2.615,0.2257,0.587,0.7894
Pasuruan,kabupaten,2021,1.818,0.2199,0.6398,0.8123
Ponorogo,kabupaten,2021,0.854,0.2261,0.6491,0.8453
Probolinggo,kabupaten,2021,1.08,0.1972,0.6305,0.8293
Sampang,kabupaten,2021,1.819,0.2252,0.6058,0.8005
Sidoarjo,kabupaten,2021,6.086,0.2622,0.5226,0.7353
Situbondo,kabupaten,2021,0.869,0.2253,0.6409,0.843
Sumenep,kabupaten,2021,0.995,0.146,0.6152,0.8317
Trenggalek,kabupaten,2021,0.627,0.0692,0.6842,0.8616
Tuban,kabupaten,2021,1.34,0.429,0.5755,0.8126
Tulungagung,kabupaten,2021,1.143,0.1887,0.6414,0.843
Bangkalan,kabupaten,2021,1.518,0.2055,0.6556,0.8285
Gresik,kabupaten,2021,2.81,0.3813,0.5079,0.7736
Jember,kabupaten,2021,1.15,0.1934,0.6679,0.8471
Kediri,kabupaten,2021,1.427,0.3973,0.6561,0.8019
Surabaya,kota,2021,18.246,0.0754,0.5528,0.727
Malang,kabupaten,2021,1.146,0.0822,0.679,0.837
Mojokerto,kabupaten,2021,3.384,0.3492,0.5922,0.7831
Ngawi,kabupaten,2021,1.006,0.3682,0.6517,0.8486
Batu,kota,2022,2.572,0.0652,0.6307,0.8077
Blitar,kota,2022,6.219,0.2601,0.575,0.7757
Kediri,kota,2022,5.263,0.3577,0.6569,0.8221
Madiun,kota,2022,8.34,0.2687,0.573,0.7829
Malang,kota,2022,10.585,0.0924,0.6501,0.8206
Mojokerto,kota,2022,9.445,0.2148,0.537,0.7186
Banyuwangi,kabupaten,2022,1.945,0.1498,0.6287,0.8397
Blitar,kabupaten,2022,1.004,0.1379,0.6633,0.8479
Bojonegoro,kabupaten,2022,1.277,0.4124,0.6338,0.8258
Bondowoso,kabupaten,2022,0.8,0.1805,0.7118,0.8543
Jombang,kabupaten,2022,1.882,0.422,0.6177,0.8039
Pasuruan,kota,2022,5.763,0.1915,0.6104,0.7696
Probolinggo,kota,2022,6.561,0.3111,0.6069,0.7486
Lamongan,kabupaten,2022,1.274,0.6249,0.5877,0.8406
Lumajang,kabupaten,2022,0.752,0.1604,0.6777,0.84
Madiun,kabupaten,2022,0.952,0.3142,0.6369,0.8335
Magetan,kabupaten,2022,1.108,0.3764,0.6678,0.8389
Nganjuk,kabupaten,2022,1.125,0.3954,0.645,0.8236
Pacitan,kabupaten,2022,0.559,0.0281,0.686,0.8809
Pamekasan,kabupaten,2022,2.332,0.2257,0.5894,0.82
Pasuruan,kabupaten,2022,1.895,0.2199,0.662,0.821
Ponorogo,kabupaten,2022,0.863,0.2261,0.6679,0.8484
Probolinggo,kabupaten,2022,1.075,0.1972,0.6583,0.8332
Sampang,kabupaten,2022,1.719,0.2252,0.6061,0.8393
Sidoarjo,kabupaten,2022,6.266,0.2622,0.5419,0.7561
Situbondo,kabupaten,2022,0.97,0.2253,0.6789,0.8582
Sumenep,kabupaten,2022,0.959,0.146,0.6225,0.8443
Trenggalek,kabupaten,2022,0.653,0.0692,0.6688,0.8662
Tuban,kabupaten,2022,1.333,0.429,0.6133,0.8275
Tulungagung,kabupaten,2022,1.322,0.1887,0.6365,0.8429
Bangkalan,kabupaten,2022,1.62,0.2055,0.6378,0.8419
Gresik,kabupaten,2022,2.516,0.3813,0.5511,0.7959
Jember,kabupaten,2022,1.18,0.1934,0.678,0.8388
Kediri,kabupaten,2022,1.509,0.3973,0.6697,0.8163
Surabaya,kota,2022,15.174,0.0754,0.5507,0.7264
Malang,kabupaten,2022,1.235,0.0822,0.6749,0.8507
Mojokerto,kabupaten,2022,3.603,0.3492,0.6215,0.7967
Ngawi,kabupaten,2022,0.891,0.3682,0.6607,0.852
