kabupaten_kota,semua_tahun_semua,semua_tahun_tanpa_crop,semua_tahun_tanpa_ntl,semua_tahun_tanpa_irig,tanpa_2022_semua,tanpa_2022_tanpa_crop,tanpa_2022_tanpa_ntl,tanpa_2022_tanpa_irig,flag_full,robust_all
Bangkalan,-0.42,-1.055,-0.463,-0.479,-0.364,-1.062,-0.39,-0.434,False,False
Banyuwangi,0.517,0.993,0.756,0.185,0.257,0.749,0.505,0.008,True,False
Blitar,1.006,0.664,0.986,1.096,0.918,0.514,0.88,0.996,True,True
Bojonegoro,-1.113,-0.916,-1.116,-1.116,-1.105,-0.734,-1.101,-1.122,False,False
Bondowoso,-0.759,-0.688,-1.061,-0.678,-0.773,-0.838,-0.922,-0.577,False,False
Gresik,1.233,1.953,1.228,0.475,0.836,1.684,0.86,0.09,True,False
Jember,-0.645,-1.426,-0.377,-0.694,-0.682,-1.409,-0.434,-0.715,False,False
Jombang,0.6,0.795,0.586,0.65,0.591,0.695,0.586,0.709,True,True
Kediri,-0.561,0.021,-0.523,0.083,-0.908,-0.183,-0.897,-0.344,False,False
Lamongan,0.271,0.554,0.164,0.269,0.435,0.72,0.32,0.338,False,False
Lumajang,-0.154,-0.006,-0.578,0.247,-0.195,0.014,-0.511,0.152,False,False
Madiun,0.059,0.389,0.064,0.058,0.199,0.548,0.213,0.245,False,False
Magetan,0.307,1.067,0.312,0.355,0.266,1.012,0.263,0.334,False,False
Malang,0.432,1.277,0.766,0.06,0.571,1.185,0.86,0.295,False,False
Mojokerto,-0.66,-0.278,-0.608,-0.75,-0.433,-0.083,-0.399,-0.652,False,False
Nganjuk,0.041,0.513,-0.061,0.363,0.34,0.574,0.231,0.575,False,False
Ngawi,0.339,0.578,0.366,0.122,0.492,0.987,0.505,0.218,False,False
Pacitan,-1.415,-1.22,-1.651,-1.404,-1.715,-1.379,-1.891,-1.702,False,False
Pamekasan,-0.076,-1.012,-0.064,-0.079,-0.319,-1.009,-0.303,-0.31,False,False
Pasuruan,-0.102,-1.211,-0.134,0.338,-0.162,-1.307,-0.138,0.236,False,False
Ponorogo,0.956,0.097,0.97,0.929,1.059,0.406,1.032,1.025,True,False
Probolinggo,-0.109,-1.115,-0.108,0.007,-0.356,-1.424,-0.361,-0.257,False,False
Sampang,-0.043,-0.188,-0.067,0.006,-0.028,-0.184,-0.023,0.044,False,False
Sidoarjo,0.878,1.068,0.843,0.875,1.07,1.221,1.087,1.077,True,True
Situbondo,0.081,-0.885,0.081,0.272,0.099,-0.939,0.061,0.197,False,False
Sumenep,0.303,0.464,0.331,-0.936,0.317,0.327,0.254,-0.747,False,False
Trenggalek,-0.266,0.599,-0.579,0.733,0.084,0.801,-0.163,0.82,False,False
Tuban,-0.298,0.288,-0.293,-0.233,-0.335,0.431,-0.278,-0.363,False,False
Tulungagung,1.151,0.168,1.061,1.267,1.426,0.368,1.386,1.513,True,False
