"kabupaten_kota","semua_tahun_semua","semua_tahun_tanpa_crop","semua_tahun_tanpa_ntl","tanpa_2022_semua","tanpa_2022_tanpa_crop","tanpa_2022_tanpa_ntl","kategori"
"Bangkalan","-0.42","-1.055","-0.463","-0.364","-1.062","-0.39","lainnya"
"Banyuwangi","0.517","0.993","0.756","0.257","0.749","0.505","positive_deviant"
"Blitar","1.006","0.664","0.986","0.918","0.514","0.88","positive_deviant"
"Bojonegoro","-1.113","-0.916","-1.116","-1.105","-0.734","-1.101","negative_deviant"
"Bondowoso","-0.759","-0.688","-1.061","-0.773","-0.838","-0.922","negative_deviant"
"Gresik","1.233","1.953","1.228","0.836","1.684","0.86","positive_deviant"
"Jember","-0.645","-1.426","-0.377","-0.682","-1.409","-0.434","negative_deviant"
"Jombang","0.6","0.795","0.586","0.591","0.695","0.586","positive_deviant"
"Kediri","-0.561","0.021","-0.523","-0.908","-0.183","-0.897","lainnya"
"Lamongan","0.271","0.554","0.164","0.435","0.72","0.32","lainnya"
"Lumajang","-0.154","-0.006","-0.578","-0.195","0.014","-0.511","lainnya"
"Madiun","0.059","0.389","0.064","0.199","0.548","0.213","lainnya"
"Magetan","0.307","1.067","0.312","0.266","1.012","0.263","lainnya"
"Malang","0.432","1.277","0.766","0.571","1.185","0.86","lainnya"
"Mojokerto","-0.66","-0.278","-0.608","-0.433","-0.083","-0.399","negative_deviant"
"Nganjuk","0.041","0.513","-0.061","0.34","0.574","0.231","lainnya"
"Ngawi","0.339","0.578","0.366","0.492","0.987","0.505","lainnya"
"Pacitan","-1.415","-1.22","-1.651","-1.715","-1.379","-1.891","negative_deviant"
"Pamekasan","-0.076","-1.012","-0.064","-0.319","-1.009","-0.303","lainnya"
"Pasuruan","-0.102","-1.211","-0.134","-0.162","-1.307","-0.138","lainnya"
"Ponorogo","0.956","0.097","0.97","1.059","0.406","1.032","positive_deviant"
"Probolinggo","-0.109","-1.115","-0.108","-0.356","-1.424","-0.361","lainnya"
"Sampang","-0.043","-0.188","-0.067","-0.028","-0.184","-0.023","lainnya"
"Sidoarjo","0.878","1.068","0.843","1.07","1.221","1.087","positive_deviant"
"Situbondo","0.081","-0.885","0.081","0.099","-0.939","0.061","lainnya"
"Sumenep","0.303","0.464","0.331","0.317","0.327","0.254","lainnya"
"Trenggalek","-0.266","0.599","-0.579","0.084","0.801","-0.163","lainnya"
"Tuban","-0.298","0.288","-0.293","-0.335","0.431","-0.278","lainnya"
"Tulungagung","1.151","0.168","1.061","1.426","0.368","1.386","positive_deviant"
