"Luas Lahan Sawah Menurut Kabupaten/Kota dan Jenis Pengairan di Provinsi Jawa Timur (hektar), 2017",,,,,,,,,,,,
,,,,,,,,,,,,
Kabupaten/Kota,Irigasi,Non Irigasi,Jumlah,,,,,,,,,
Kabupaten,,,,,,,,,,,,
Pacitan,"8 565,0","4 218,0","12 783,0",,,,,,,,,
Ponorogo,"32 781,0","2 020,0","34 801,0",,,,,,,,,
Trenggalek,"11 396,0","1 485,0","12 881,0",,,,,,,,,
Tulungagung,"24 975,0","2 641,0","27 616,0",,,,,,,,,
Blitar,"26 811,0","5 193,0","32 004,0",,,,,,,,,
Kediri,"46 411,0","749,0","47 160,0",,,,,,,,,
Malang,"42 739,0","3 149,0","45 888,0",,,,,,,,,
Lumajang,"33 209,0","3 152,0","36 361,0",,,,,,,,,
Jember,"85 484,0","614,0","86 098,0",,,,,,,,,
Banyuwangi,"65 221,0","236,0","65 457,0",,,,,,,,,
Bondowoso,"35 545,0","467,0","36 012,0",,,,,,,,,
Situbondo,"31 836,0","2 226,0","34 062,0",,,,,,,,,
Probolinggo,"34 265,0","2 884,0","37 149,0",,,,,,,,,
Pasuruan,"37 525,0","2 830,0","40 355,0",,,,,,,,,
Sidoarjo,"21 690,0","219,0","21 909,0",,,,,,,,,
Mojokerto,"30 799,0","5 820,0","36 619,0",,,,,,,,,
Jombang,"42 011,0","6 693,0","48 704,0",,,,,,,,,
Nganjuk,"38 409,0","4 509,0","42 918,0",,,,,,,,,
Madiun,"31 356,4","1 869,0","33 225,4",,,,,,,,,
Magetan,"27 158,0","1 111,0","28 269,0",,,,,,,,,
Ngawi,"46 281,0","3 916,0","50 197,0",,,,,,,,,
Bojonegoro,"38 085,0","40 592,0","78 677,0",,,,,,,,,
Tuban,"29 197,7","27 362,3","56 560,0",,,,,,,,,
Lamongan,"47 781,0","39 555,0","87 336,0",,,,,,,,,
Gresik,"7 541,5","28 237,5","35 779,0",,,,,,,,,
Bangkalan,"8 049,0","21 491,0","29 540,0",,,,,,,,,
Sampang,"4 671,0","15 916,0","20 587,0",,,,,,,,,
Pamekasan,"7 325,0","10 627,0","17 952,0",,,,,,,,,
Sumenep,"8 819,0","16 747,0","25 566,0",,,,,,,,,
Kota,,,,,,,,,,,,
Kediri,"1 856,0",-,"1 856,0",,,,,,,,,
Blitar,"1 065,0",-,"1 065,0",,,,,,,,,
Malang,"1 104,0",-,"1 104,0",,,,,,,,,
Probolinggo,"1 793,0",-,"1 793,0",,,,,,,,,
Pasuruan,"1 118,0",-,"1 118,0",,,,,,,,,
Mojokerto,477,"30,0",507,,,,,,,,,
Madiun,"1 015,0",-,"1 015,0",,,,,,,,,
Surabaya,31.5,"1 189,8","1 221,3",,,,,,,,,
Batu,"2 441,7",-,"2 441,7",,,,,,,,,
Jawa Timur,"916 837,8","257 748,6","1 174 586,4",,,,,,,,,
Sumber : Dinas Pertanian Tanaman Pangan Jawa Timur,,,,,,,,,,,,
,,,,,,,,,,,,