"TANAMAN PANGAN/FOOD CROPS  -  Luas Panen, Produktivitas, dan Produksi Padi  Menurut Kabupaten/Kota di Provinsi Jawa Timur, 2021 dan 2022",,,,,,,
"Kabupaten/Kota
Regency/Municipality",,"Luas Panen (ha)
Harvested Area (ha)",,"Produktivitas  (ku/ha)
Productivity (qu/ha)",,"Produksi (ton)
Production (ton)",
,,2021,2022*,2021,2022*,2021,2022*
Kabupaten/Regency,,,,,,,
Pacitan,,"18,894.01","17,988.72",46.64,50.56,"88,116.57","90,955.25"
Ponorogo,,"68,741.09","64,543.87",58.87,57.39,"404,665.04","370,435.11"
Trenggalek,,"22,491.95","22,293.31",51.78,52.64,"116,456.34","117,346.67"
Tulungagung,,"39,850.76","40,611.23",59.70,54.58,"237,916.96","221,637.05"
Blitar,,"38,640.60","34,255.13",64.02,63.51,"247,366.27","217,566.97"
Kediri,,"35,113.22","29,851.89",56.45,57.78,"198,222.01","172,474.88"
Malang,,"45,344.49","47,821.21",60.28,59.37,"273,358.61","283,895.29"
Lumajang,,"56,671.26","56,064.69",52.07,54.13,"295,075.52","303,468.63"
Jember,,"124,027.77","119,808.13",49.64,51.18,"615,697.87","613,237.38"
Banyuwangi,,"89,125.20","77,952.96",57.61,59.34,"513,490.07","462,584.81"
Bondowoso,,"51,620.95","49,262.33",50.16,50.02,"258,951.46","246,388.27"
Situbondo,,"30,388.14","27,172.07",49.74,52.23,"151,157.12","141,914.27"
Probolinggo,,"37,043.19","34,231.53",51.34,54.71,"190,180.14","187,277.08"
Pasuruan,,"50,305.51","47,999.47",52.67,53.04,"264,950.78","254,578.42"
Sidoarjo,,"32,586.19","31,431.32",62.14,62.63,"202,501.40","196,839.63"
Mojokerto,,"51,258.22","49,281.71",57.95,58.29,"297,042.32","287,251.32"
Jombang,,"54,968.44","55,229.58",59.46,62.18,"326,826.64","343,427.84"
Nganjuk,,"72,439.86","71,223.24",59.26,54.46,"429,311.01","387,897.28"
Madiun,,"75,713.29","74,141.77",60.99,56.65,"461,798.12","419,977.93"
Magetan,,"48,487.59","42,606.10",63.37,61.92,"307,279.68","263,822.71"
Ngawi,,"128,737.95","129,474.04",61.09,60.63,"786,475.65","785,037.99"
Bojonegoro,,"134,609.22","133,739.17",50.07,53.48,"674,002.00","715,198.84"
Tuban,,"88,049.64","85,194.97",55.58,58.94,"489,418.62","502,136.24"
Lamongan,,"138,450.43","151,263.60",57.25,60.88,"792,662.09","920,935.59"
Gresik,,"61,394.39","63,241.32",61.84,64.88,"379,666.19","410,323.14"
Bangkalan,,"42,110.04","39,691.95",46.38,48.71,"195,323.29","193,329.37"
Sampang,,"38,151.91","34,880.84",51.27,49.47,"195,600.69","172,558.93"
Pamekasan,,"18,925.74","20,497.42",51.11,52.70,"96,723.97","108,020.20"
Sumenep,,"40,298.59","40,558.48",55.08,54.98,"221,979.41","223,000.46"
Kota/Municipality,,,,,,,
Kediri,,"1,735.30","1,882.04",54.95,55.52,"9,534.86","10,449.52"
Blitar,,884.95,734.37,65.46,71.63,"5,793.30","5,259.99"
Malang,,"1,791.43","1,753.52",63.14,65.72,"11,311.40","11,524.42"
Probolinggo,,"1,530.83","1,309.07",58.30,61.63,"8,924.08","8,067.16"
Pasuruan,,"1,553.82","1,432.61",53.45,55.42,"8,304.59","7,939.57"
Mojokerto,,754.27,742.57,58.53,58.23,"4,414.93","4,324.18"
Madiun,,"2,229.49","2,174.03",60.58,53.29,"13,505.81","11,585.31"
Surabaya,,"1,736.08","1,455.52",56.64,56.20,"9,832.67","8,180.52"
Batu,,825.39,963.70,69.67,61.35,"5,750.19","5,912.16"
Jawa Timur,,"1,747,481.20","1,704,759.48",56.02,56.82,"9,789,587.67","9,686,760.38"
"Catatan/Note                      : 1  Kualitas produksi gabah kering giling/The production is in term of dry unhusked paddy
* Luas panen Oktober–Desember 2022 adalah angka potensi hasil KSA September 2022; produksi September–Desember 2022 dihitung berdasarkan rata-rata produktivitas September–Desember 2018-2021/Harvested area in October–December 2022 is a potential figure based on the ASF results in September 2022; production in September–December 2022 is calculated based on the average of productivity (yield of paddy) in September–December 2018-2021
Sumber/Source                  : BPS, Survei Kerangka Sampel Area (KSA)/BPS-Statistics Indonesia, Area Sampling Frame (ASF) Survey",,,,,,,