"Luas Lahan Sawah Irigasi dan Non Irigasi Menurut Kabupaten/Kota dan Jenis Pengairan di Provinsi Jawa Timur (Ha), 2013-2017",,,,,
,,,,,
,,,,,
,,,,,
Kabupaten/Kota,2013,2014,2015,2016,2017
,,,,,
01. Kab. Pacitan,12783,12783,12303,12783,12783
02. Kab. Ponorogo,34638,34638,34352,34801,34801
03. Kab. Trenggalek,12251,12160,11939,12881,12881
04. Kab. Tulungagung,27099,27616,25864,27616,27616
05. Kab. Blitar,31705,31693,30994,31680,32004
06. Kab. Kediri,47786,47175,38201,47324,47160
07. Kab. Malang,49474,49474,36824,45888,45888
08. Kab. Lumajang,35815,36324,33991,36753,36361
09. Kab. Jember,85003,84993,78457,86144,86098
10. Kab. Banyuwangi,66154,66019,55597,65259,65457
11. Kab. Bondowoso,34080,34080,34053,35709,36012
12. Kab. Situbondo,33873,33864,31369,34062,34062
13. Kab. Probolinggo,37302,37369,36138,37255,37149
14. Kab. Pasuruan,40440,40440,39636,39805,40355
15. Kab. Sidoarjo,22710,23427,17517,22071,21909
16. Kab. Mojokerto,36671,36493,31453,36616,36619
17. Kab. Jombang,48689,48637,41977,48707,48704
18. Kab. Nganjuk,43026,43026,41481,42918,42918
19. Kab. Madiun,33111,33109,30741,33046,33225
20. Kab. Magetan,28296,28250,22828,28250,28269
21. Kab. N g a w i,50481,50476,47607,50197,50197
22. Kab. Bojonegoro,78937,77887,77522,78517,78677
23. Kab. T u b a n,56375,56037,55739,56391,56560
24. Kab. Lamongan,88470,87763,85122,87833,87336
25. Kab. Gresik,38111,38200,37558,38053,35779
26. Kab. Bangkalan,29460,29540,29180,29540,29540
27. Kab. Sampang,20587,20587,20215,20587,20587
28. Kab. Pamekasan,17158,17168,18672,17906,17952
29. Kab. Sumenep,25695,25157,25330,25566,25566
71. Kota Kediri,1956,1931,1005,1909,1856
72. Kota Blitar,1120,1104,1097,1088,1065
73. Kota Malang,1231,1214,865,1142,1104
74. Kota Probolinggo,1832,1832,1807,1793,1793
75. Kota Pasuruan,1151,1143,1093,1143,1118
76. Kota Mojokerto,614,550,511,500,507
77. Kota Madiun,1061,1055,887,1041,1015
78. Kota Surabaya,1638,1466,1353,1477,1221
79. Kota Batu,2481,2480,474,2400,2442
JAWA TIMUR,1179264,1177160,1091752,1176650,1174586
Sumber: Dinas Pertanian Propinsi Jawa Timur,,,,,