kabupaten_kota,jenis,tahun,luas_panen_ha,produktivitas_bps_kuha,produktivitas_hitung_kuha,produksi_ton,status_data
Pacitan,kabupaten,2019,20504.0,45.0,44.84,91941.66,final
Pacitan,kabupaten,2020,19360.0,43.07,43.07,83377.94,final
Ponorogo,kabupaten,2019,58080.0,55.0,55.48,322205.5,final
Ponorogo,kabupaten,2020,67976.0,58.38,58.38,396816.11,final
Trenggalek,kabupaten,2019,20475.0,55.0,54.81,112213.57,final
Trenggalek,kabupaten,2020,19834.0,55.08,55.08,109241.07,final
Tulungagung,kabupaten,2019,34584.0,57.0,56.8,196430.58,final
Tulungagung,kabupaten,2020,36685.0,60.89,60.89,223382.97,final
Blitar,kabupaten,2019,36194.0,62.0,61.9,224027.19,final
Blitar,kabupaten,2020,35172.0,57.38,57.38,201803.84,final
Kediri,kabupaten,2019,39449.0,56.0,56.49,222837.82,final
Kediri,kabupaten,2020,36470.0,59.95,59.95,218624.9,final
Malang,kabupaten,2019,48398.0,58.0,58.08,281072.26,final
Malang,kabupaten,2020,48475.0,58.4,58.4,283096.75,final
Lumajang,kabupaten,2019,53466.0,53.0,53.1,283894.22,final
Lumajang,kabupaten,2020,55725.0,52.91,52.91,294865.05,final
Jember,kabupaten,2019,123591.0,50.0,49.91,616858.41,final
Jember,kabupaten,2020,123727.0,48.72,48.72,602794.88,final
Banyuwangi,kabupaten,2019,81553.0,55.0,54.6,445253.86,final
Banyuwangi,kabupaten,2020,85065.0,54.33,54.33,462126.36,final
Bondowoso,kabupaten,2019,53459.0,47.0,47.02,251371.94,final
Bondowoso,kabupaten,2020,55597.0,48.61,48.61,270271.5,final
Situbondo,kabupaten,2019,30226.0,55.0,55.47,167665.54,final
Situbondo,kabupaten,2020,31079.0,51.79,51.79,160972.37,final
Probolinggo,kabupaten,2019,39464.0,49.0,49.1,193774.5,final
Probolinggo,kabupaten,2020,37484.0,52.43,52.43,196516.22,final
Pasuruan,kabupaten,2019,53789.0,50.0,50.1,269463.05,final
Pasuruan,kabupaten,2020,54532.0,51.18,51.18,279072.07,final
Sidoarjo,kabupaten,2019,34287.0,68.0,68.48,234788.11,final
Sidoarjo,kabupaten,2020,34216.0,65.86,65.86,225346.46,final
Mojokerto,kabupaten,2019,54993.0,62.0,61.78,339755.88,final
Mojokerto,kabupaten,2020,54964.0,57.63,57.63,316759.39,final
Jombang,kabupaten,2019,56138.0,61.0,61.32,344236.34,final
Jombang,kabupaten,2020,55801.0,61.89,61.89,345349.53,final
Nganjuk,kabupaten,2019,65066.0,61.0,61.45,399845.68,final
Nganjuk,kabupaten,2020,71672.0,61.96,61.96,444108.03,final
Madiun,kabupaten,2019,68015.0,62.0,61.65,419292.44,final
Madiun,kabupaten,2020,73867.0,61.4,61.4,453540.93,final
Magetan,kabupaten,2019,42232.0,62.0,61.72,260671.35,final
Magetan,kabupaten,2020,42494.0,66.67,66.67,283304.5,final
Ngawi,kabupaten,2019,122501.0,63.0,63.44,777190.36,final
Ngawi,kabupaten,2020,126241.0,65.71,65.71,829467.64,final
Bojonegoro,kabupaten,2019,128864.0,54.0,53.71,692073.16,final
Bojonegoro,kabupaten,2020,136803.0,53.9,53.9,737397.6,final
Tuban,kabupaten,2019,91200.0,57.0,57.01,519934.36,final
Tuban,kabupaten,2020,92421.0,56.35,56.35,520811.26,final
Lamongan,kabupaten,2019,140464.0,60.0,59.78,839724.43,final
Lamongan,kabupaten,2020,146429.0,59.67,59.67,873786.03,final
Gresik,kabupaten,2019,61643.0,60.0,59.65,367717.66,final
Gresik,kabupaten,2020,66469.0,61.68,61.68,409985.27,final
Bangkalan,kabupaten,2019,39854.0,51.0,50.59,201620.0,final
Bangkalan,kabupaten,2020,41213.0,49.23,49.23,202885.36,final
Sampang,kabupaten,2019,33052.0,47.0,47.26,156219.52,final
Sampang,kabupaten,2020,37046.0,50.56,50.57,187323.59,final
Pamekasan,kabupaten,2019,20169.0,45.0,45.27,91313.32,final
Pamekasan,kabupaten,2020,19974.0,50.43,50.43,100727.49,final
Sumenep,kabupaten,2019,38412.0,48.0,48.45,186090.84,final
Sumenep,kabupaten,2020,42129.0,54.5,54.5,229595.79,final
Kediri,kota,2019,1396.0,50.0,50.38,7032.99,final
Kediri,kota,2020,1543.0,56.94,56.93,8784.91,final
Blitar,kota,2019,912.0,67.0,66.72,6084.58,final
Blitar,kota,2020,777.0,67.64,67.68,5258.6,final
Malang,kota,2019,2019.0,69.0,68.89,13909.7,final
Malang,kota,2020,1844.0,67.58,67.57,12459.91,final
Probolinggo,kota,2019,1402.0,51.0,51.11,7165.2,final
Probolinggo,kota,2020,1471.0,52.13,52.12,7667.56,final
Pasuruan,kota,2019,2055.0,53.0,52.58,10804.71,final
Pasuruan,kota,2020,1663.0,60.35,60.36,10037.32,final
Mojokerto,kota,2019,701.0,51.0,50.87,3565.88,final
Mojokerto,kota,2020,733.0,63.42,63.44,4650.47,final
Madiun,kota,2019,1302.0,63.0,63.44,8259.39,final
Madiun,kota,2020,2279.0,62.43,62.42,14225.77,final
Surabaya,kota,2019,1724.0,56.0,55.67,9596.78,final
Surabaya,kota,2020,1884.0,57.33,57.32,10798.5,final
Batu,kota,2019,792.0,64.0,63.52,5031.1,final
Batu,kota,2020,771.0,66.84,66.84,5153.04,final
Pacitan,kabupaten,2021,18894.01,46.64,46.64,88116.57,final
Pacitan,kabupaten,2022,17988.72,50.56,50.56,90955.25,sementara
Ponorogo,kabupaten,2021,68741.09,58.87,58.87,404665.04,final
Ponorogo,kabupaten,2022,64543.87,57.39,57.39,370435.11,sementara
Trenggalek,kabupaten,2021,22491.95,51.78,51.78,116456.34,final
Trenggalek,kabupaten,2022,22293.31,52.64,52.64,117346.67,sementara
Tulungagung,kabupaten,2021,39850.76,59.7,59.7,237916.96,final
Tulungagung,kabupaten,2022,40611.23,54.58,54.58,221637.05,sementara
Blitar,kabupaten,2021,38640.6,64.02,64.02,247366.27,final
Blitar,kabupaten,2022,34255.13,63.51,63.51,217566.97,sementara
Kediri,kabupaten,2021,35113.22,56.45,56.45,198222.01,final
Kediri,kabupaten,2022,29851.89,57.78,57.78,172474.88,sementara
Malang,kabupaten,2021,45344.49,60.28,60.28,273358.61,final
Malang,kabupaten,2022,47821.21,59.37,59.37,283895.29,sementara
Lumajang,kabupaten,2021,56671.26,52.07,52.07,295075.52,final
Lumajang,kabupaten,2022,56064.69,54.13,54.13,303468.63,sementara
Jember,kabupaten,2021,124027.77,49.64,49.64,615697.87,final
Jember,kabupaten,2022,119808.13,51.18,51.18,613237.38,sementara
Banyuwangi,kabupaten,2021,89125.2,57.61,57.61,513490.07,final
Banyuwangi,kabupaten,2022,77952.96,59.34,59.34,462584.81,sementara
Bondowoso,kabupaten,2021,51620.95,50.16,50.16,258951.46,final
Bondowoso,kabupaten,2022,49262.33,50.02,50.02,246388.27,sementara
Situbondo,kabupaten,2021,30388.14,49.74,49.74,151157.12,final
Situbondo,kabupaten,2022,27172.07,52.23,52.23,141914.27,sementara
Probolinggo,kabupaten,2021,37043.19,51.34,51.34,190180.14,final
Probolinggo,kabupaten,2022,34231.53,54.71,54.71,187277.08,sementara
Pasuruan,kabupaten,2021,50305.51,52.67,52.67,264950.78,final
Pasuruan,kabupaten,2022,47999.47,53.04,53.04,254578.42,sementara
Sidoarjo,kabupaten,2021,32586.19,62.14,62.14,202501.4,final
Sidoarjo,kabupaten,2022,31431.32,62.63,62.63,196839.63,sementara
Mojokerto,kabupaten,2021,51258.22,57.95,57.95,297042.32,final
Mojokerto,kabupaten,2022,49281.71,58.29,58.29,287251.32,sementara
Jombang,kabupaten,2021,54968.44,59.46,59.46,326826.64,final
Jombang,kabupaten,2022,55229.58,62.18,62.18,343427.84,sementara
Nganjuk,kabupaten,2021,72439.86,59.26,59.26,429311.01,final
Nganjuk,kabupaten,2022,71223.24,54.46,54.46,387897.28,sementara
Madiun,kabupaten,2021,75713.29,60.99,60.99,461798.12,final
Madiun,kabupaten,2022,74141.77,56.65,56.65,419977.93,sementara
Magetan,kabupaten,2021,48487.59,63.37,63.37,307279.68,final
Magetan,kabupaten,2022,42606.1,61.92,61.92,263822.71,sementara
Ngawi,kabupaten,2021,128737.95,61.09,61.09,786475.65,final
Ngawi,kabupaten,2022,129474.04,60.63,60.63,785037.99,sementara
Bojonegoro,kabupaten,2021,134609.22,50.07,50.07,674002.0,final
Bojonegoro,kabupaten,2022,133739.17,53.48,53.48,715198.84,sementara
Tuban,kabupaten,2021,88049.64,55.58,55.58,489418.62,final
Tuban,kabupaten,2022,85194.97,58.94,58.94,502136.24,sementara
Lamongan,kabupaten,2021,138450.43,57.25,57.25,792662.09,final
Lamongan,kabupaten,2022,151263.6,60.88,60.88,920935.59,sementara
Gresik,kabupaten,2021,61394.39,61.84,61.84,379666.19,final
Gresik,kabupaten,2022,63241.32,64.88,64.88,410323.14,sementara
Bangkalan,kabupaten,2021,42110.04,46.38,46.38,195323.29,final
Bangkalan,kabupaten,2022,39691.95,48.71,48.71,193329.37,sementara
Sampang,kabupaten,2021,38151.91,51.27,51.27,195600.69,final
Sampang,kabupaten,2022,34880.84,49.47,49.47,172558.93,sementara
Pamekasan,kabupaten,2021,18925.74,51.11,51.11,96723.97,final
Pamekasan,kabupaten,2022,20497.42,52.7,52.7,108020.2,sementara
Sumenep,kabupaten,2021,40298.59,55.08,55.08,221979.41,final
Sumenep,kabupaten,2022,40558.48,54.98,54.98,223000.46,sementara
Kediri,kota,2021,1735.3,54.95,54.95,9534.86,final
Kediri,kota,2022,1882.04,55.52,55.52,10449.52,sementara
Blitar,kota,2021,884.95,65.46,65.46,5793.3,final
Blitar,kota,2022,734.37,71.63,71.63,5259.99,sementara
Malang,kota,2021,1791.43,63.14,63.14,11311.4,final
Malang,kota,2022,1753.52,65.72,65.72,11524.42,sementara
Probolinggo,kota,2021,1530.83,58.3,58.3,8924.08,final
Probolinggo,kota,2022,1309.07,61.63,61.63,8067.16,sementara
Pasuruan,kota,2021,1553.82,53.45,53.45,8304.59,final
Pasuruan,kota,2022,1432.61,55.42,55.42,7939.57,sementara
Mojokerto,kota,2021,754.27,58.53,58.53,4414.93,final
Mojokerto,kota,2022,742.57,58.23,58.23,4324.18,sementara
Madiun,kota,2021,2229.49,60.58,60.58,13505.81,final
Madiun,kota,2022,2174.03,53.29,53.29,11585.31,sementara
Surabaya,kota,2021,1736.08,56.64,56.64,9832.67,final
Surabaya,kota,2022,1455.52,56.2,56.2,8180.52,sementara
Batu,kota,2021,825.39,69.67,69.67,5750.19,final
Batu,kota,2022,963.7,61.35,61.35,5912.16,sementara
