kabupaten_kota,jenis,irigasi_ha,non_irigasi_ha,sawah_total_ha,irig_share,tahun_sumber
Pacitan,kabupaten,8565.0,4218.0,12783.0,0.67,2017
Ponorogo,kabupaten,32781.0,2020.0,34801.0,0.942,2017
Trenggalek,kabupaten,11396.0,1485.0,12881.0,0.8847,2017
Tulungagung,kabupaten,24975.0,2641.0,27616.0,0.9044,2017
Blitar,kabupaten,26811.0,5193.0,32004.0,0.8377,2017
Kediri,kabupaten,46411.0,749.0,47160.0,0.9841,2017
Malang,kabupaten,42739.0,3149.0,45888.0,0.9314,2017
Lumajang,kabupaten,33209.0,3152.0,36361.0,0.9133,2017
Jember,kabupaten,85484.0,614.0,86098.0,0.9929,2017
Banyuwangi,kabupaten,65221.0,236.0,65457.0,0.9964,2017
Bondowoso,kabupaten,35545.0,467.0,36012.0,0.987,2017
Situbondo,kabupaten,31836.0,2226.0,34062.0,0.9346,2017
Probolinggo,kabupaten,34265.0,2884.0,37149.0,0.9224,2017
Pasuruan,kabupaten,37525.0,2830.0,40355.0,0.9299,2017
Sidoarjo,kabupaten,21690.0,219.0,21909.0,0.99,2017
Mojokerto,kabupaten,30799.0,5820.0,36619.0,0.8411,2017
Jombang,kabupaten,42011.0,6693.0,48704.0,0.8626,2017
Nganjuk,kabupaten,38409.0,4509.0,42918.0,0.8949,2017
Madiun,kabupaten,31356.4,1869.0,33225.4,0.9437,2017
Magetan,kabupaten,27158.0,1111.0,28269.0,0.9607,2017
Ngawi,kabupaten,46281.0,3916.0,50197.0,0.922,2017
Bojonegoro,kabupaten,38085.0,40592.0,78677.0,0.4841,2017
Tuban,kabupaten,29197.7,27362.3,56560.0,0.5162,2017
Lamongan,kabupaten,47781.0,39555.0,87336.0,0.5471,2017
Gresik,kabupaten,7541.5,28237.5,35779.0,0.2108,2017
Bangkalan,kabupaten,8049.0,21491.0,29540.0,0.2725,2017
Sampang,kabupaten,4671.0,15916.0,20587.0,0.2269,2017
Pamekasan,kabupaten,7325.0,10627.0,17952.0,0.408,2017
Sumenep,kabupaten,8819.0,16747.0,25566.0,0.345,2017
Kediri,kota,1856.0,0.0,1856.0,1.0,2017
Blitar,kota,1065.0,0.0,1065.0,1.0,2017
Malang,kota,1104.0,0.0,1104.0,1.0,2017
Probolinggo,kota,1793.0,0.0,1793.0,1.0,2017
Pasuruan,kota,1118.0,0.0,1118.0,1.0,2017
Mojokerto,kota,477.0,30.0,507.0,0.9408,2017
Madiun,kota,1015.0,0.0,1015.0,1.0,2017
Surabaya,kota,31.5,1189.8,1221.3,0.0258,2017
Batu,kota,2441.7,0.0,2441.7,1.0,2017
